{"cameraMode":{"drawMode":0,"name":"Shaded","section":"Shading Mode"},"sceneLighting":true,"audioPlay":false,"sceneViewState":{"m_AlwaysRefresh":false,"showFog":true,"showSkybox":true,"showFlares":true,"showImageEffects":true,"showParticleSystems":true,"showVisualEffectGraphs":true,"m_FxEnabled":true},"in2DMode":false,"pivot":{"x":507.60662841796877,"y":84.45416259765625,"z":640.9425048828125},"rotation":{"x":-0.14378002285957337,"y":-0.020189445465803148,"z":0.0029339566826820375,"w":-0.9894042611122131},"size":595.4771118164063,"orthographic":false}