{"cameraMode":{"drawMode":0,"name":"Shaded","section":"Shading Mode"},"sceneLighting":true,"audioPlay":false,"sceneViewState":{"m_AlwaysRefresh":false,"showFog":true,"showSkybox":true,"showFlares":true,"showImageEffects":true,"showParticleSystems":true,"showVisualEffectGraphs":true,"m_FxEnabled":true},"in2DMode":false,"pivot":{"x":-11.021644592285157,"y":0.01670084148645401,"z":38.20438766479492},"rotation":{"x":-0.29107025265693667,"y":0.05363694205880165,"z":-0.016341203823685647,"w":-0.9551041722297669},"size":12.669951438903809,"orthographic":false}