{"cameraMode":{"drawMode":0,"name":"Shaded","section":"Shading Mode"},"sceneLighting":false,"audioPlay":false,"sceneViewState":{"m_AlwaysRefresh":false,"showFog":true,"showSkybox":true,"showFlares":true,"showImageEffects":true,"showParticleSystems":true,"showVisualEffectGraphs":true,"m_FxEnabled":true},"in2DMode":false,"pivot":{"x":227.92979431152345,"y":362.52490234375,"z":-8.437760353088379},"rotation":{"x":0.008265688084065915,"y":-0.10538507997989655,"z":0.0009912906680256129,"w":0.9944579005241394},"size":103.07764434814453,"orthographic":false}